{"openapi":"3.0.1","info":{"title":"OpenAPI definition","version":"v0"},"servers":[{"url":"http://localhost:8080","description":"Generated server url"}],"tags":[{"name":"User Controller","description":"User management API"}],"paths":{"/users/{id}":{"get":{"tags":["User Controller"],"summary":"Get user by ID","operationId":"getUser","parameters":[{"name":"id","in":"path","description":"ID of the user","required":true,"schema":{"type":"integer","format":"int64"}}],"responses":{"200":{"description":"User found","content":{"*/*":{"schema":{"$ref":"#/components/schemas/UserDto"}}}},"404":{"description":"User not found","content":{"*/*":{"schema":{"$ref":"#/components/schemas/UserDto"}}}}}},"put":{"tags":["User Controller"],"summary":"Update user fully","operationId":"updateUser","parameters":[{"name":"id","in":"path","required":true,"schema":{"type":"integer","format":"int64"}}],"requestBody":{"content":{"application/json":{"schema":{"$ref":"#/components/schemas/UserDto"}}},"required":true},"responses":{"200":{"description":"OK","content":{"*/*":{"schema":{"$ref":"#/components/schemas/UserDto"}}}}}},"delete":{"tags":["User Controller"],"summary":"Delete user","operationId":"deleteUser","parameters":[{"name":"id","in":"path","required":true,"schema":{"type":"integer","format":"int64"}}],"responses":{"200":{"description":"OK","content":{"*/*":{"schema":{"type":"string"}}}}}},"patch":{"tags":["User Controller"],"summary":"Partially update user","operationId":"patchUser","parameters":[{"name":"id","in":"path","required":true,"schema":{"type":"integer","format":"int64"}}],"requestBody":{"content":{"application/json":{"schema":{"$ref":"#/components/schemas/UserDto"}}},"required":true},"responses":{"200":{"description":"OK","content":{"*/*":{"schema":{"$ref":"#/components/schemas/UserDto"}}}}}}},"/users/confirm/{id}":{"put":{"tags":["User Controller"],"summary":"Confirm user","operationId":"confirmUser","parameters":[{"name":"id","in":"path","required":true,"schema":{"type":"integer","format":"int64"}}],"requestBody":{"content":{"application/json":{"schema":{"$ref":"#/components/schemas/UserDto"}}},"required":true},"responses":{"200":{"description":"OK","content":{"*/*":{"schema":{"type":"string"}}}}}}},"/users":{"get":{"tags":["User Controller"],"summary":"Get all users","operationId":"getAllUsers","responses":{"200":{"description":"OK","content":{"*/*":{"schema":{"type":"array","items":{"$ref":"#/components/schemas/UserDto"}}}}}}},"post":{"tags":["User Controller"],"summary":"Create user","operationId":"createUser","requestBody":{"content":{"application/json":{"schema":{"$ref":"#/components/schemas/UserDto"}}},"required":true},"responses":{"200":{"description":"OK","content":{"*/*":{"schema":{"$ref":"#/components/schemas/UserDto"}}}}}}},"/users/register":{"post":{"tags":["User Controller"],"summary":"Register user","operationId":"registerUser","requestBody":{"content":{"application/json":{"schema":{"$ref":"#/components/schemas/UserDto"}}},"required":true},"responses":{"200":{"description":"OK","content":{"*/*":{"schema":{"type":"string"}}}}}}},"/users/email/{id}":{"patch":{"tags":["User Controller"],"summary":"Update only email","operationId":"updateEmail","parameters":[{"name":"id","in":"path","required":true,"schema":{"type":"integer","format":"int64"}}],"requestBody":{"content":{"application/json":{"schema":{"$ref":"#/components/schemas/UserDto"}}},"required":true},"responses":{"200":{"description":"OK","content":{"*/*":{"schema":{"type":"string"}}}}}}},"/universities":{"get":{"tags":["university-controller"],"operationId":"getAllUniversities","responses":{"200":{"description":"OK","content":{"*/*":{"schema":{"type":"array","items":{"type":"string"}}}}}}}},"/courses":{"get":{"tags":["course-controller"],"operationId":"getAllCourses","responses":{"200":{"description":"OK","content":{"*/*":{"schema":{"type":"array","items":{"type":"string"}}}}}}}},"/books":{"get":{"tags":["book-controller"],"operationId":"getAllBooks","responses":{"200":{"description":"OK","content":{"*/*":{"schema":{"type":"array","items":{"type":"string"}}}}}}}},"/users/hard/{id}":{"delete":{"tags":["User Controller"],"summary":"Hard delete user","operationId":"hardDelete","parameters":[{"name":"id","in":"path","required":true,"schema":{"type":"integer","format":"int64"}}],"responses":{"200":{"description":"OK","content":{"*/*":{"schema":{"type":"string"}}}}}}}},"components":{"schemas":{"UserDto":{"type":"object","properties":{"id":{"type":"integer","format":"int64"},"name":{"type":"string"},"email":{"type":"string"}}}}}}